id,title,owner,status,project_id,project_name,stage,prd_path,tech_solution_path,project_path,git_repo,deployment_url,prd_confirmation,tech_expectations,acceptance,last_update,engine,target,game_type,notes
P-20260517-034,future-little-leaders V4 离线优先 + 多设备同步 (Direction A),,active,future-little-leaders,future-little-leaders,,,,,https://github.com/YeLuo45/future-little-leaders,,workspace-dev/proposals/future-little-leaders/PRD-V4-offline-sync.md,,npm run build:h5 成功，Git commit face16f9，push 成功,2026-05-17,,,,提案
P-20260517-035,future-little-leaders V5 可视化任务编排画布 (Direction A),,active,future-little-leaders,future-little-leaders,,,,,https://github.com/YeLuo45/future-little-leaders,,,,npm run build:h5 成功，Git commit d14a0811，push 成功,2026-05-17,,,,提案
P-20260518-003,future-little-leaders V6 自进化技能树/成长图谱系统 (Direction A),,active,future-little-leaders,future-little-leaders,,,,,https://github.com/YeLuo45/future-little-leaders,,workspace-dev/proposals/future-little-leaders/PRD-V6-skill-tree.md,,npm run build:h5 成功，Git commit 9753b773，push 成功,2026-05-18,,,,提案
P-20260518-005,future-little-leaders V7 家庭通知中枢 (Direction A),,active,future-little-leaders,future-little-leaders,,,,,https://github.com/YeLuo45/future-little-leaders,,workspace-dev/proposals/future-little-leaders/PRD-V7-notification-hub.md,,npm run build:h5 成功，Git commit 74f58f5a，push 成功,2026-05-18,,,,提案
P-20260518-010,future-little-leaders V9 成长报告 AI 总结 (Direction A),,active,future-little-leaders,future-little-leaders,,,,,https://github.com/YeLuo45/future-little-leaders,,workspace-dev/proposals/future-little-leaders/PRD-V9-ai-growth-summary.md,,npm run build:h5 成功，Git commit 6c8335da，push 成功；SDK commit d2ed559，push 成功,2026-05-18,,,,提案
P-20260518-012,future-little-leaders V10 V3 M5 Dashboard 补全 (Direction A),,active,future-little-leaders,future-little-leaders,,,,,https://github.com/YeLuo45/future-little-leaders,,workspace-dev/proposals/future-little-leaders/PRD-V10-M5-dashboard.md,,npm run build:h5 成功，Git commit dc2b28b9，push 成功,2026-05-18,,,,提案
P-20260518-013,future-little-leaders V11 Flow 模板市场 (Direction A),,active,future-little-leaders,future-little-leaders,,,,,https://github.com/YeLuo45/future-little-leaders,,workspace-dev/proposals/future-little-leaders/PRD-V11-flow-template-market.md,,"git commit 07e3fb0c, push成功; 8 files changed, 1809 insertions(+), 10 deletions(-)",2026-05-18,,,,提案
P-20260518-014,future-little-leaders V12 积分商城增强 (Direction A),,active,future-little-leaders,future-little-leaders,,,,,https://github.com/YeLuo45/future-little-leaders,,workspace-dev/proposals/future-little-leaders/PRD-V12-reward-shop.md,,"git commit a95a9de7, push成功; 35商品+积分商城+兑换记录+排行榜",2026-05-18,,,,提案
P-20260518-015,future-little-leaders V13 V4 离线同步深度集成 (Direction A),,active,future-little-leaders,future-little-leaders,,,,,https://github.com/YeLuo45/future-little-leaders,,workspace-dev/proposals/future-little-leaders/PRD-V13-v4-offline-sync-deep-integration.md,,"git commit 1d77bb18, push成功; initV4+SyncConflictModal+SyncStore+conflictResolver+Workers D1",2026-05-18,,,,提案
P-20260518-016,future-little-leaders V14 多语言 i18n 支持 (Direction A),,active,future-little-leaders,future-little-leaders,,,,,https://github.com/YeLuo45/future-little-leaders,,workspace-dev/proposals/future-little-leaders/PRD-V14-i18n.md,,"git commit 4a954aa1, push成功; i18n框架+4语言+settings语言切换",2026-05-18,,,,提案
P-20260518-017,future-little-leaders V15 儿童社交功能 (Direction A),,active,future-little-leaders,future-little-leaders,,,,,https://github.com/YeLuo45/future-little-leaders,,workspace-dev/proposals/future-little-leaders/PRD-V15-social.md,,"git commit 48bab4e9, push成功; 朋友系统+积分赠送+组队任务+成长PK",2026-05-18,,,,提案
P-20260518-018,future-little-leaders V16 微信小程序特定功能 (Direction A),,active,future-little-leaders,future-little-leaders,,,,,https://github.com/YeLuo45/future-little-leaders,,workspace-dev/proposals/future-little-leaders/PRD-V16-wx-miniprogram.md,,"git commit 0f121fe4, push成功; 微信分享卡片+附近发现+反馈",2026-05-18,,,,提案
P-20260518-020,future-little-leaders V18 Advanced Data Analytics (Direction A),,active,future-little-leaders,future-little-leaders,,,,,https://github.com/YeLuo45/future-little-leaders,,workspace-dev/proposals/future-little-leaders/PRD-V18-advanced-analytics.md,,"git commit dd063816, push成功; 3D成长轨迹(SVG)/能力雷达图/家庭报告PDF(Canvas)",2026-05-18,,,,提案
P-20260518-021,future-little-leaders V19 AI-Driven Personalized Task Recommendation (Direction A),,active,future-little-leaders,future-little-leaders,,,,,https://github.com/YeLuo45/future-little-leaders,,workspace-dev/proposals/future-little-leaders/PRD-V19-ai-recommend.md,,"git commit 1c344a9c, push成功; 9 files AI推荐引擎 个性化推荐 AI对话 智能日程 难度自适应",2026-05-18,,,,提案
P-20260518-022,future-little-leaders V20 Parent Growth Academy 家长成长学院 (Direction A),,active,future-little-leaders,future-little-leaders,,,,,https://github.com/YeLuo45/future-little-leaders,,workspace-dev/proposals/future-little-leaders/PRD-V20-parent-academy.md,,"git commit 2a0ab972, push成功; 9 files 知识库 视频课程 专家问答 学习进度",2026-05-18,,,,提案
P-20260518-023,future-little-leaders V21 Home-School Collaboration 家校协作实时通知 (Direction A),,active,future-little-leaders,future-little-leaders,,,,,https://github.com/YeLuo45/future-little-leaders,,workspace-dev/proposals/future-little-leaders/PRD-V21-home-school-collab.md,,"git commit 9d85c0d7, push成功; 9 files 班级动态Feed 家校聊天 智能提醒 NotificationBus插件架构",2026-05-18,,,,提案
P-20260518-024,future-little-leaders V22 Multi-Child Family Management 多儿童家庭管理 (Direction A),,active,future-little-leaders,future-little-leaders,,,,,https://github.com/YeLuo45/future-little-leaders,,workspace-dev/proposals/future-little-leaders/PRD-V22-multi-child.md,,"git commit 9fbda2cd, push成功; 多儿童仪表盘 兄弟姐妹竞赛 家庭积分池 成就对比",2026-05-18,,,,提案
P-20260518-025,future-little-leaders V23 Seasonal Challenge + Badge Evolution 赛季系统+徽章进化 (Direction A),,active,future-little-leaders,future-little-leaders,,,,,https://github.com/YeLuo45/future-little-leaders,,workspace-dev/proposals/future-little-leaders/PRD-V23-seasonal-challenge.md,,"git commit e84bc212, push成功; 赛季系统 徽章四级进化 3D徽章墙 赛季排行榜",2026-05-18,,,,提案
P-20260518-026,future-little-leaders V24 Offline-First PWA Enhancement 离线优先增强 (Direction A),,active,future-little-leaders,future-little-leaders,,,,,https://github.com/YeLuo45/future-little-leaders,,workspace-dev/proposals/future-little-leaders/PRD-V24-offline-pwa.md,,"git commit 9095201a, push成功; Service Worker 离线队列 Push Notification PWA安装提示",2026-05-18,,,,提案
P-20260518-027,future-little-leaders V25 E2E Testing Infrastructure Playwright测试框架 (Direction A),,active,future-little-leaders,future-little-leaders,,,,,https://github.com/YeLuo45/future-little-leaders,,workspace-dev/proposals/future-little-leaders/PRD-V25-testing-admin.md,,"git commit 58059187, push成功; Playwright E2E babyStore/taskFlow/dashboard测试",2026-05-18,,,,提案
P-20260518-029,future-little-leaders V26 WeChat Mini-Program Deep Integration 微信深度集成 (Direction A),,active,future-little-leaders,future-little-leaders,,,,,https://github.com/YeLuo45/future-little-leaders,,workspace-dev/proposals/future-little-leaders/PRD-V26-wx-deep-integration.md,,"git commit 4c1a3f5, push成功; 微信登录 小程序码 微信运动 微信支付 wxMiniService wxpay",2026-05-18,,,,提案
P-20260518-030,future-little-leaders V27 Performance Optimization + Code Splitting 性能优化 (Direction A),,active,future-little-leaders,future-little-leaders,,,,,https://github.com/YeLuo45/future-little-leaders,,workspace-dev/proposals/future-little-leaders/PRD-V27-performance-optimization.md,,"git commit 2890f0af, push成功; 路由懒加载 manualChunks BundleAnalyzer imageOptimizer",2026-05-18,,,,提案
P-20260518-031,future-little-leaders V28 Accessibility + i18n Enhancement 无障碍增强 (Direction A),,active,future-little-leaders,future-little-leaders,,,,,https://github.com/YeLuo45/future-little-leaders,,workspace-dev/proposals/future-little-leaders/PRD-V28-a11y-i18n.md,,"git commit 0481d294, push成功; 高对比度 ARIA 键盘导航 屏幕阅读器 日文 韩文",2026-05-18,,,,提案
P-20260518-032,future-little-leaders V29 Security Hardening + Privacy Protection 安全加固 (Direction A),,active,future-little-leaders,future-little-leaders,,,,,https://github.com/YeLuo45/future-little-leaders,,workspace-dev/proposals/future-little-leaders/PRD-V29-security-privacy.md,,"git commit 0ea6fd21, push成功; 隐私脱敏 安全审计 二次验证 privacyMask securityAudit",2026-05-18,,,,提案
P-20260518-033,future-little-leaders V30 Anti-Cheat System + Reputation Scoring 反作弊+信誉评分 (Direction A),,active,future-little-leaders,future-little-leaders,,,,,https://github.com/YeLuo45/future-little-leaders,,workspace-dev/proposals/future-little-leaders/PRD-V30-anti-cheat.md,,"git commit 9cff8248, push成功; 异常检测 信誉评分 反作弊 举报审核",2026-05-18,,,,提案
P-20260518-034,future-little-leaders V31 API Gateway + Rate Limiting API网关+限流 (Direction A),,active,future-little-leaders,future-little-leaders,,,,,https://github.com/YeLuo45/future-little-leaders,,workspace-dev/proposals/future-little-leaders/PRD-V31-api-gateway.md,,"git commit 67e2edd4, push成功; API网关 JWT认证 令牌桶限流 429响应 请求日志 反爬",2026-05-18,,,,提案
P-20260518-035,future-little-leaders V32 WebSocket Real-time + Cloud Functions 实时通信 (Direction A),,active,future-little-leaders,future-little-leaders,,,,,https://github.com/YeLuo45/future-little-leaders,,workspace-dev/proposals/future-little-leaders/PRD-V32-realtime-websocket.md,,"git commit cbdc94fe, push成功; WebSocket连接管理器 实时事件 CloudFunctions 实时Store 心跳保活",2026-05-18,,,,提案
P-20260518-036,future-little-leaders V33 Plugin Marketplace + Theme System 插件市场+主题系统 (Direction A),,active,future-little-leaders,future-little-leaders,,,,,https://github.com/YeLuo45/future-little-leaders,,workspace-dev/proposals/future-little-leaders/PRD-V33-plugin-marketplace.md,,"git commit 0e923630, push成功; 插件市场 主题系统 PluginManager ThemeStore 插件安装卸载",2026-05-18,,,,提案
P-20260518-037,future-little-leaders V34 AI Companion Smart Buddy Assistant 智能伙伴 (Direction A),,active,future-little-leaders,future-little-leaders,,,,,https://github.com/YeLuo45/future-little-leaders,,workspace-dev/proposals/future-little-leaders/PRD-V34-ai-companion.md,,"git commit 4036b498, push成功; AI伙伴 卡通头像 BuddyAvatar 对话辅导 心情追踪",2026-05-18,,,,提案
P-20260518-038,future-little-leaders V35 Family Ritual System 家庭仪式感 (Direction A),,active,future-little-leaders,future-little-leaders,,,,,https://github.com/YeLuo45/future-little-leaders,,workspace-dev/proposals/future-little-leaders/PRD-V35-family-ritual.md,,"git commit 5e3e371e, push成功; 每日仪式 每周挑战 回忆存档 家庭使命",2026-05-18,,,,提案
P-20260518-039,future-little-leaders V36 AI Tutor Pipeline Multi-Agent协作教学 (Direction A),,active,future-little-leaders,future-little-leaders,,,,,https://github.com/YeLuo45/future-little-leaders,,workspace-dev/proposals/future-little-leaders/PRD-V36-ai-tutor-pipeline.md,,"git commit 3ab68809, push成功; 多Agent协作教学 Orchestrator MathAgent ChineseAgent EnglishAgent LifeAgent",2026-05-18,,,,提案
P-20260518-040,future-little-leaders V37 Multi-language + Cultural Localization 多语言+文化本地化 (Direction A),,active,future-little-leaders,future-little-leaders,,,,,https://github.com/YeLuo45/future-little-leaders,,workspace-dev/proposals/future-little-leaders/PRD-V37-i18n-culture.md,,"git commit 091fe988, push成功; 地区内容 文化节日主题 课程大纲对齐 本地化格式化",2026-05-18,,,,提案
P-20260518-041,future-little-leaders V38 Data Portability + Blockchain Receipts 数据主权+区块链凭证 (Direction A),,active,future-little-leaders,future-little-leaders,,,,,https://github.com/YeLuo45/future-little-leaders,,workspace-dev/proposals/future-little-leaders/PRD-V38-data-portability.md,,"git commit 9535b8eb, push成功; 数据导出JSON/CSV/JSON-LD 区块链凭证",2026-05-18,,,,提案
P-20260518-042,future-little-leaders V39 AR/VR Growth Space 沉浸式成长空间 (Direction A),,active,future-little-leaders,future-little-leaders,,,,,https://github.com/YeLuo45/future-little-leaders,,workspace-dev/proposals/future-little-leaders/PRD-V39-ar-vr-space.md,,"git commit 03f5ee2c, push成功; AR任务星球 3D成就展厅 WebGL 虚拟奖励空间",2026-05-18,,,,提案
P-20260518-043,future-little-leaders V40 Smart Home Integration 智能家居联动 (Direction A),,active,future-little-leaders,future-little-leaders,,,,,https://github.com/YeLuo45/future-little-leaders,,workspace-dev/proposals/future-little-leaders/PRD-V40-smart-home.md,,"git commit bfafea66, push成功; 智能家居设备控制 任务-设备联动",2026-05-18,,,,提案
P-20260518-044,future-little-leaders V41 Cross-Platform Widgets + Mini App 跨平台Widgets+小程序生态 (Direction A),,active,future-little-leaders,future-little-leaders,,,,,https://github.com/YeLuo45/future-little-leaders,,workspace-dev/proposals/future-little-leaders/PRD-V41-widgets.md,,"git commit c0ba233e, push成功; 跨平台Widgets iOS/Android/Web组件 小程序生态",2026-05-18,,,,提案
P-20260518-045,future-little-leaders V42 Developer SDK + Plugin API 开放平台SDK (Direction A),,active,future-little-leaders,future-little-leaders,,,,,https://github.com/YeLuo45/future-little-leaders,,workspace-dev/proposals/future-little-leaders/PRD-V42-sdk-api.md,,"git commit 3e02b128, push成功; Developer SDK OAuth API客户端 Plugin API WebHook",2026-05-18,,,,提案
P-20260518-046,future-little-leaders V43 Personalized Learning Path 个性化学习路径引擎 (Direction A),,active,future-little-leaders,future-little-leaders,,,,,https://github.com/YeLuo45/future-little-leaders,,workspace-dev/proposals/future-little-leaders/PRD-V43-learning-path.md,,"git commit 9a5d0d0d, push成功; 能力评估 学习路径生成 动态难度调整",2026-05-18,,,,提案
P-20260518-047,future-little-leaders V44 Emotional Intelligence Training 情绪智力训练 (Direction A),,active,future-little-leaders,future-little-leaders,,,,,https://github.com/YeLuo45/future-little-leaders,,workspace-dev/proposals/future-little-leaders/PRD-V44-emotion-training.md,,"git commit c6d0c500, push成功; 情绪识别训练 情绪日记 放松练习",2026-05-18,,,,提案
P-20260518-048,future-little-leaders V45 Parent-Child Activity System 亲子活动系统 (Direction A),,active,future-little-leaders,future-little-leaders,,,,,https://github.com/YeLuo45/future-little-leaders,,workspace-dev/proposals/future-little-leaders/PRD-V45-parent-child-activity.md,,"git commit d69bfeeb, push成功; 亲子活动库 步骤指导 成果展示 协作任务",2026-05-18,,,,提案
P-20260518-049,future-little-leaders V46 Reading Tracker System 阅读追踪系统 (Direction A),,active,future-little-leaders,future-little-leaders,,,,,https://github.com/YeLuo45/future-little-leaders,,workspace-dev/proposals/future-little-leaders/PRD-V46-reading-tracker.md,,"git commit a2a34601, push成功; 书籍库 阅读打卡 阅读理解 读书笔记 阅读挑战",2026-05-18,,,,提案
P-20260518-050,future-little-leaders V47 Social Learning Circles 社交学习圈 (Direction A),,active,future-little-leaders,future-little-leaders,,,,,https://github.com/YeLuo45/future-little-leaders,,workspace-dev/proposals/future-little-leaders/PRD-V47-social-learning.md,,"git commit 9ed4d818, push成功; 学习小组 同伴辅导 知识分享 社交挑战",2026-05-18,,,,提案
P-20260518-051,future-little-leaders V48 Physical Activity Tracker 运动追踪系统 (Direction A),,active,future-little-leaders,future-little-leaders,,,,,https://github.com/YeLuo45/future-little-leaders,,workspace-dev/proposals/future-little-leaders/PRD-V48-physical-activity.md,,"git commit adcb9e97, push成功; 运动打卡 健康报告 运动会 运动挑战",2026-05-18,,,,提案
P-20260518-052,future-little-leaders V49 Creative Arts Studio 创意艺术工作室 (Direction A),,active,future-little-leaders,future-little-leaders,,,,,https://github.com/YeLuo45/future-little-leaders,,workspace-dev/proposals/future-little-leaders/PRD-V49-creative-arts.md,,"git commit 01a6088e, push成功; 绘画板 音乐创作 作品集 艺术挑战",2026-05-18,,,,提案
P-20260519-001,future-little-leaders V50 Gamified Science Lab 游戏化科学实验室 (Direction A),,active,future-little-leaders,future-little-leaders,,,,,https://github.com/YeLuo45/future-little-leaders,,workspace-dev/proposals/future-little-leaders/PRD-V50-science-lab.md,,"git commit cf8bf6b1, push成功; 虚拟实验 科学探索任务 科学百科",2026-05-19,,,,提案
P-20260519-002,future-little-leaders V51 Digital Pet Companion 虚拟宠物伙伴 (Direction A),,active,future-little-leaders,future-little-leaders,,,,,https://github.com/YeLuo45/future-little-leaders,,workspace-dev/proposals/future-little-leaders/PRD-V51-digital-pet.md,,"git commit 2f564dff, push成功; 宠物领养 宠物照顾 宠物进化",2026-05-19,,,,提案
P-20260519-003,future-little-leaders V52 Sleep & Wellness Tracker 睡眠健康追踪 (Direction A),,active,future-little-leaders,future-little-leaders,,,,,https://github.com/YeLuo45/future-little-leaders,,workspace-dev/proposals/future-little-leaders/PRD-V52-sleep-wellness.md,,"git commit eb41036f, push成功; 睡眠记录 睡眠报告 健康习惯",2026-05-19,,,,提案
P-20260519-004,future-little-leaders V53 Personalized Avatar System 个性化虚拟形象 (Direction A),,active,future-little-leaders,future-little-leaders,,,,,https://github.com/YeLuo45/future-little-leaders,,workspace-dev/proposals/future-little-leaders/PRD-V53-avatar-system.md,,"git commit 6cc0c116, push成功; Avatar自定义 虚拟衣柜 Avatar成就",2026-05-19,,,,提案
P-20260519-005,future-little-leaders V54 Family Memory Archive 家庭回忆档案 (Direction A),,active,future-little-leaders,future-little-leaders,,,,,https://github.com/YeLuo45/future-little-leaders,,workspace-dev/proposals/future-little-leaders/PRD-V54-memory-archive.md,,"git commit 53025e9a, push成功; 照片时间线 成长里程碑 家庭大事记",2026-05-19,,,,提案
P-20260519-006,future-little-leaders V55 Collaborative Game System 协作游戏系统 (Direction A),,active,future-little-leaders,future-little-leaders,,,,,https://github.com/YeLuo45/future-little-leaders,,workspace-dev/proposals/future-little-leaders/PRD-V55-collab-games.md,,"git commit 77e3b8f5, push成功; 协作解谜 团队挑战 棋盘游戏 实时对战",2026-05-19,,,,提案
P-20260519-007,future-little-leaders V56 Subscription & Rewards System 订阅奖励系统 (Direction A),,active,future-little-leaders,future-little-leaders,,,,,https://github.com/YeLuo45/future-little-leaders,,workspace-dev/proposals/future-little-leaders/PRD-V56-subscription-rewards.md,,"git commit b881859b, push成功; VIP订阅 积分商城 悬赏任务 限时奖励",2026-05-19,,,,提案
P-20260519-007,future-little-leaders V56 Subscription & Rewards System 订阅奖励系统 (Direction A),,active,future-little-leaders,future-little-leaders,,,,,https://github.com/YeLuo45/future-little-leaders,,workspace-dev/proposals/future-little-leaders/PRD-V56-subscription-rewards.md,,"git commit b881859b, push成功; VIP订阅 积分商城 悬赏任务 限时奖励",2026-05-19,,,,提案
P-20260519-008,future-little-leaders V57 Micro-learning System 碎片化学习系统 (Direction A),,active,future-little-leaders,future-little-leaders,,,,,https://github.com/YeLuo45/future-little-leaders,,workspace-dev/proposals/future-little-leaders/PRD-V57-micro-learning.md,,"git commit 2e831dd5, push成功; 每日学习卡片 微课堂 知识速查 每日挑战",2026-05-19,,,,提案
P-20260519-008,future-little-leaders V57 Micro-learning System 碎片化学习系统 (Direction A),,active,future-little-leaders,future-little-leaders,,,,,https://github.com/YeLuo45/future-little-leaders,,workspace-dev/proposals/future-little-leaders/PRD-V57-micro-learning.md,,"git commit 2e831dd5, push成功; 每日学习卡片 微课堂 知识速查 每日挑战",2026-05-19,,,,提案
P-20260519-009,future-little-leaders V58 Moral Education System 品德教育系统 (Direction A),,active,future-little-leaders,future-little-leaders,,,,,https://github.com/YeLuo45/future-little-leaders,,workspace-dev/proposals/future-little-leaders/PRD-V58-moral-education.md,,"git commit 7083acca, push成功; 品德故事 价值观学习 志愿服务 荣誉榜",2026-05-19,,,,提案
P-20260519-009,future-little-leaders V58 Moral Education System 品德教育系统 (Direction A),,active,future-little-leaders,future-little-leaders,,,,,https://github.com/YeLuo45/future-little-leaders,,workspace-dev/proposals/future-little-leaders/PRD-V58-moral-education.md,,"git commit 7083acca, push成功; 品德故事 价值观学习 志愿服务 荣誉榜",2026-05-19,,,,提案
P-20260519-010,future-little-leaders V59 Coding Education System 编程教育系统 (Direction A),,active,future-little-leaders,future-little-leaders,,,,,https://github.com/YeLuo45/future-little-leaders,,workspace-dev/proposals/future-little-leaders/PRD-V59-coding-education.md,,"git commit a55dc0a0, push成功; 图形化编程 代码积木 编程挑战 创意编程",2026-05-19,,,,提案
P-20260519-010,future-little-leaders V59 Coding Education System 编程教育系统 (Direction A),,active,future-little-leaders,future-little-leaders,,,,,https://github.com/YeLuo45/future-little-leaders,,workspace-dev/proposals/future-little-leaders/PRD-V59-coding-education.md,,"git commit a55dc0a0, push成功; 图形化编程 代码积木 编程挑战 创意编程",2026-05-19,,,,提案
P-20260519-011,future-little-leaders V60 Financial Literacy System 财商教育系统 (Direction A),,active,future-little-leaders,future-little-leaders,,,,,https://github.com/YeLuo45/future-little-leaders,,workspace-dev/proposals/future-little-leaders/PRD-V60-financial-literacy.md,,"git commit fd92790a, push成功; 零花钱管理 储蓄目标 消费记录 财商知识",2026-05-19,,,,提案
P-20260519-011,future-little-leaders V60 Financial Literacy System 财商教育系统 (Direction A),,active,future-little-leaders,future-little-leaders,,,,,https://github.com/YeLuo45/future-little-leaders,,workspace-dev/proposals/future-little-leaders/PRD-V60-financial-literacy.md,,"git commit fd92790a, push成功; 零花钱管理 储蓄目标 消费记录 财商知识",2026-05-19,,,,提案
P-20260519-012,future-little-leaders V61 Environmental Awareness System 环保意识教育 (Direction A),,active,future-little-leaders,future-little-leaders,,,,,https://github.com/YeLuo45/future-little-leaders,,workspace-dev/proposals/future-little-leaders/PRD-V61-environmental-awareness.md,,"git commit 9c43f22c, push成功; 环保任务 环保知识 绿色挑战",2026-05-19,,,,提案
P-20260519-012,future-little-leaders V61 Environmental Awareness System 环保意识教育 (Direction A),,active,future-little-leaders,future-little-leaders,,,,,https://github.com/YeLuo45/future-little-leaders,,workspace-dev/proposals/future-little-leaders/PRD-V61-environmental-awareness.md,,"git commit 9c43f22c, push成功; 环保任务 环保知识 绿色挑战",2026-05-19,,,,提案
P-20260519-013,future-little-leaders V62 Geography Culture System 世界地理与文化 (Direction A),,active,future-little-leaders,future-little-leaders,,,,,https://github.com/YeLuo45/future-little-leaders,,workspace-dev/proposals/future-little-leaders/PRD-V62-geography-culture.md,,"git commit 051447f1, push成功; 环球旅行 文化发现 地理知识 国际笔友",2026-05-19,,,,提案
P-20260519-013,future-little-leaders V62 Geography Culture System 世界地理与文化 (Direction A),,active,future-little-leaders,future-little-leaders,,,,,https://github.com/YeLuo45/future-little-leaders,,workspace-dev/proposals/future-little-leaders/PRD-V62-geography-culture.md,,"git commit 051447f1, push成功; 环球旅行 文化发现 地理知识 国际笔友",2026-05-19,,,,提案
P-20260519-014,future-little-leaders V63 Safety Education System 安全教育系统 (Direction A),,active,future-little-leaders,future-little-leaders,,,,,https://github.com/YeLuo45/future-little-leaders,,workspace-dev/proposals/future-little-leaders/PRD-V63-safety-education.md,,"git commit dc383484, push成功; 网络安全 校园安全 急救知识 安全演练",2026-05-19,,,,提案
P-20260519-014,future-little-leaders V63 Safety Education System 安全教育系统 (Direction A),,active,future-little-leaders,future-little-leaders,,,,,https://github.com/YeLuo45/future-little-leaders,,workspace-dev/proposals/future-little-leaders/PRD-V63-safety-education.md,,"git commit dc383484, push成功; 网络安全 校园安全 急救知识 安全演练",2026-05-19,,,,提案
P-20260519-015,future-little-leaders V64 Time Management System 时间管理系统 (Direction A),,active,future-little-leaders,future-little-leaders,,,,,https://github.com/YeLuo45/future-little-leaders,,workspace-dev/proposals/future-little-leaders/PRD-V64-time-management.md,,"git commit 2889ecf6, push成功; 日程管理 番茄钟 时间追踪 习惯打卡",2026-05-19,,,,提案
P-20260519-015,future-little-leaders V64 Time Management System 时间管理系统 (Direction A),,active,future-little-leaders,future-little-leaders,,,,,https://github.com/YeLuo45/future-little-leaders,,workspace-dev/proposals/future-little-leaders/PRD-V64-time-management.md,,"git commit 2889ecf6, push成功; 日程管理 番茄钟 时间追踪 习惯打卡",2026-05-19,,,,提案
P-20260519-016,future-little-leaders V65 Creative Writing System 创意写作系统 (Direction A),,active,future-little-leaders,future-little-leaders,,,,,https://github.com/YeLuo45/future-little-leaders,,workspace-dev/proposals/future-little-leaders/PRD-V65-creative-writing.md,,"git commit 508269a8, push成功; 故事创作 日记写作 诗歌创作 写作提示",2026-05-19,,,,提案
P-20260519-016,future-little-leaders V65 Creative Writing System 创意写作系统 (Direction A),,active,future-little-leaders,future-little-leaders,,,,,https://github.com/YeLuo45/future-little-leaders,,workspace-dev/proposals/future-little-leaders/PRD-V65-creative-writing.md,,"git commit 508269a8, push成功; 故事创作 日记写作 诗歌创作 写作提示",2026-05-19,,,,提案
P-20260519-017,future-little-leaders V66 Music & Rhythm System 音乐与节奏系统 (Direction A),,active,future-little-leaders,future-little-leaders,,,,,https://github.com/YeLuo45/future-little-leaders,,workspace-dev/proposals/future-little-leaders/PRD-V66-music-rhythm.md,,"git commit f595a553, push成功; 音乐欣赏 节奏游戏 乐器认知 音乐创作",2026-05-19,,,,提案
P-20260519-017,future-little-leaders V66 Music & Rhythm System 音乐与节奏系统 (Direction A),,active,future-little-leaders,future-little-leaders,,,,,https://github.com/YeLuo45/future-little-leaders,,workspace-dev/proposals/future-little-leaders/PRD-V66-music-rhythm.md,,"git commit f595a553, push成功; 音乐欣赏 节奏游戏 乐器认知 音乐创作",2026-05-19,,,,提案
P-20260519-018,future-little-leaders V67 Science Experiment System 科学实验系统 (Direction A),,active,future-little-leaders,future-little-leaders,,,,,https://github.com/YeLuo45/future-little-leaders,,workspace-dev/proposals/future-little-leaders/PRD-V67-science-experiment.md,,"git commit 7778c41e, push成功; 实验项目库 虚拟实验 实验记录 科学成就",2026-05-19,,,,提案
P-20260519-018,future-little-leaders V67 Science Experiment System 科学实验系统 (Direction A),,active,future-little-leaders,future-little-leaders,,,,,https://github.com/YeLuo45/future-little-leaders,,workspace-dev/proposals/future-little-leaders/PRD-V67-science-experiment.md,,"git commit 7778c41e, push成功; 实验项目库 虚拟实验 实验记录 科学成就",2026-05-19,,,,提案
P-20260519-019,future-little-leaders V68 Art Workshop System 美术工作坊系统 (Direction A),,active,future-little-leaders,future-little-leaders,,,,,https://github.com/YeLuo45/future-little-leaders,,workspace-dev/proposals/future-little-leaders/PRD-V68-art-workshop.md,,"git commit d17d66c1, push成功; 数字绘画板 手工制作 美术课程 作品展示",2026-05-19,,,,提案
P-20260519-019,future-little-leaders V68 Art Workshop System 美术工作坊系统 (Direction A),,active,future-little-leaders,future-little-leaders,,,,,https://github.com/YeLuo45/future-little-leaders,,workspace-dev/proposals/future-little-leaders/PRD-V68-art-workshop.md,,"git commit d17d66c1, push成功; 数字绘画板 手工制作 美术课程 作品展示",2026-05-19,,,,提案
P-20260519-020,future-little-leaders V69 Math Playground System 数学游乐场系统 (Direction A),,active,future-little-leaders,future-little-leaders,,,,,https://github.com/YeLuo45/future-little-leaders,,workspace-dev/proposals/future-little-leaders/PRD-V69-math-playground.md,,"git commit acce2d1a, push成功; 数学游戏 速算训练 数学探索 段位系统",2026-05-19,,,,提案
P-20260519-021,future-little-leaders V70 Language Learning System 语言学习系统 (Direction A),,active,future-little-leaders,future-little-leaders,,,,,https://github.com/YeLuo45/future-little-leaders,,workspace-dev/proposals/future-little-leaders/PRD-V70-language-learning.md,,"git commit ba932ab8, push成功; 多语言课程 词汇记忆 口语练习",2026-05-19,,,,提案
P-20260519-022,future-little-leaders V71 Health & Nutrition System 健康营养系统 (Direction A),,active,future-little-leaders,future-little-leaders,,,,,https://github.com/YeLuo45/future-little-leaders,,workspace-dev/proposals/future-little-leaders/PRD-V71-health-nutrition.md,,"git commit 62808de7, push成功; 饮食记录 营养分析 健康提醒 健康食谱",2026-05-19,,,,提案
P-20260519-023,future-little-leaders V72 PBL Project Learning System PBL项目制学习 (Direction A),,active,future-little-leaders,future-little-leaders,,,,,https://github.com/YeLuo45/future-little-leaders,,workspace-dev/proposals/future-little-leaders/PRD-V72-pbl-learning.md,,"git commit 13d3e402, push成功; PBL项目库 项目阶段管理 小组协作",2026-05-19,,,,提案
P-20260519-024,future-little-leaders V73 Critical Thinking Training System 思辨能力训练 (Direction A),,active,future-little-leaders,future-little-leaders,,,,,https://github.com/YeLuo45/future-little-leaders,,workspace-dev/proposals/future-little-leaders/PRD-V73-critical-thinking.md,,"git commit 3bca18dd, push成功; 逻辑谜题 辩论练习 决策训练",2026-05-19,,,,提案
P-20260519-025,future-little-leaders V74 Public Speaking System 演讲与口才系统 (Direction A),,active,future-little-leaders,future-little-leaders,,,,,https://github.com/YeLuo45/future-little-leaders,,workspace-dev/proposals/future-little-leaders/PRD-V74-public-speaking.md,,"git commit f27b48f3, push成功; 演讲模板 演讲练习 演讲挑战",2026-05-19,,,,提案
P-20260519-026,future-little-leaders V75 Leadership Challenge System 领导力挑战系统 (Direction A),,active,future-little-leaders,future-little-leaders,,,,,https://github.com/YeLuo45/future-little-leaders,,workspace-dev/proposals/future-little-leaders/PRD-V75-leadership-challenge.md,,"git commit 92b78f7b, push成功; 领导力任务 角色扮演 领导力数据",2026-05-19,,,,提案
P-20260519-027,future-little-leaders V76 Family Charter System 家庭宪章系统 (Direction A),,active,future-little-leaders,future-little-leaders,,,,,https://github.com/YeLuo45/future-little-leaders,,workspace-dev/proposals/future-little-leaders/PRD-V76-family-charter.md,,"git commit 5629f5ca, push成功; 家庭价值观 家规共创 家庭会议",2026-05-19,,,,提案
P-20260519-028,future-little-leaders V77 Growth Journal System 成长日记系统 (Direction A),,active,future-little-leaders,future-little-leaders,,,,,https://github.com/YeLuo45/future-little-leaders,,workspace-dev/proposals/future-little-leaders/PRD-V77-growth-journal.md,,"git commit 02ae2983, push成功; 每日反思 周记月记 成长相册 里程碑",2026-05-19,,,,提案
P-20260519-029,future-little-leaders V78 Peer Coaching System 同伴辅导系统 (Direction A),,active,future-little-leaders,future-little-leaders,,,,,https://github.com/YeLuo45/future-little-leaders,,workspace-dev/proposals/future-little-leaders/PRD-V78-peer-coaching.md,,"git commit caaf813e, push成功; 学习伙伴匹配 同伴答疑 互评反馈",2026-05-19,,,,提案
P-20260519-030,future-little-leaders V79 Achievement Badge System 成就徽章系统 (Direction A),,active,future-little-leaders,future-little-leaders,,,,,https://github.com/YeLuo45/future-little-leaders,,workspace-dev/proposals/future-little-leaders/PRD-V79-achievement-badge.md,,"git commit c88888b9, push成功; 徽章库 徽章收集 展示墙",2026-05-19,,,,提案
P-20260519-031,future-little-leaders V80 Daily Challenge System 每日挑战系统 (Direction A),,active,future-little-leaders,future-little-leaders,,,,,https://github.com/YeLuo45/future-little-leaders,,workspace-dev/proposals/future-little-leaders/PRD-V80-daily-challenge.md,,"git commit 8eb32ed7, push成功; 每日任务 挑战日历 连续奖励",2026-05-19,,,,提案
P-20260519-032,future-little-leaders V81 Habit Master System 习惯养成系统 (Direction A),,active,future-little-leaders,future-little-leaders,,,,,https://github.com/YeLuo45/future-little-leaders,,workspace-dev/proposals/future-little-leaders/PRD-V81-habit-master.md,,"git commit d20f4e26, push成功; 习惯追踪 21天挑战 习惯链",2026-05-19,,,,提案
P-20260519-033,future-little-leaders V82 Mood Journal System 情绪日记系统 (Direction A),,active,future-little-leaders,future-little-leaders,,,,,https://github.com/YeLuo45/future-little-leaders,,workspace-dev/proposals/future-little-leaders/PRD-V82-mood-journal.md,,"git commit 2a51b7b4, push成功; 情绪追踪 情绪分析 调节建议",2026-05-19,,,,提案
P-20260519-034,future-little-leaders V83 Study Room System 自习室系统 (Direction A),,active,future-little-leaders,future-little-leaders,,,,,https://github.com/YeLuo45/future-little-leaders,,workspace-dev/proposals/future-little-leaders/PRD-V83-study-room.md,,"git commit 921d3d38, push成功; 自习室 背景音乐 专注统计",2026-05-19,,,,提案
P-20260519-035,future-little-leaders V84 Knowledge Tree System 知识树系统 (Direction A),,active,future-little-leaders,future-little-leaders,,,,,https://github.com/YeLuo45/future-little-leaders,,workspace-dev/proposals/future-little-leaders/PRD-V84-knowledge-tree.md,,"git commit 8cf00947, push成功; 知识图谱 学习路径 树形可视化",2026-05-19,,,,提案
P-20260519-036,future-little-leaders V85 Reading Club System 读书会系统 (Direction A),,active,future-little-leaders,future-little-leaders,,,,,https://github.com/YeLuo45/future-little-leaders,,workspace-dev/proposals/future-little-leaders/PRD-V85-reading-club.md,,"git commit ac9408dc, push成功; 读书俱乐部 阅读打卡 书评分享",2026-05-19,,,,提案
P-20260519-037,future-little-leaders V86 Parent-Child Challenge System 亲子挑战系统 (Direction A),,active,future-little-leaders,future-little-leaders,,,,,https://github.com/YeLuo45/future-little-leaders,,workspace-dev/proposals/future-little-leaders/PRD-V86-parent-child-challenge.md,,"git commit 3d42cfcd, push成功; 亲子组队 协作任务 家庭竞赛",2026-05-19,,,,提案
P-20260519-038,future-little-leaders V87 Growth Report Card System 成长报告卡系统 (Direction A),,active,future-little-leaders,future-little-leaders,,,,,https://github.com/YeLuo45/future-little-leaders,,workspace-dev/proposals/future-little-leaders/PRD-V87-growth-report-card.md,,"git commit 2aa9d793, push成功; 综合素质报告 能力雷达图 家长寄语",2026-05-19,,,,提案
P-20260519-039,future-little-leaders V88 Character Quest System 品格修炼系统 (Direction A),,active,future-little-leaders,future-little-leaders,,,,,https://github.com/YeLuo45/future-little-leaders,,workspace-dev/proposals/future-little-leaders/PRD-V88-character-quest.md,,"git commit 1ab4424b, push成功; 品德修炼任务 品格等级 修炼日记",2026-05-19,,,,提案
P-20260519-040,future-little-leaders V89 Weekend Camp System 周末营系统 (Direction A),,active,future-little-leaders,future-little-leaders,,,,,https://github.com/YeLuo45/future-little-leaders,,workspace-dev/proposals/future-little-leaders/PRD-V89-weekend-camp.md,,"git commit a0ac3b54, push成功; 主题周末活动 户外探索 创意工坊",2026-05-19,,,,提案
P-20260519-041,future-little-leaders V90 Dream Journal System 梦想日记系统 (Direction A),,active,future-little-leaders,future-little-leaders,,,,,https://github.com/YeLuo45/future-little-leaders,,workspace-dev/proposals/future-little-leaders/PRD-V90-dream-journal.md,,"git commit 69718401, push成功; 梦想清单 愿景板 目标追踪",2026-05-19,,,,提案
P-20260519-042,future-little-leaders V91 Social Skills Dojo System 社交技能道场 (Direction A),,active,future-little-leaders,future-little-leaders,,,,,https://github.com/YeLuo45/future-little-leaders,,workspace-dev/proposals/future-little-leaders/PRD-V91-social-skills-dojo.md,,"git commit 2fc2be21, push成功; 社交情景模拟 对话练习 社交成就",2026-05-19,,,,提案
P-20260519-043,future-little-leaders V92 Creative Drama System 创意戏剧系统 (Direction A),,active,future-little-leaders,future-little-leaders,,,,,https://github.com/YeLuo45/future-little-leaders,,workspace-dev/proposals/future-little-leaders/PRD-V92-creative-drama.md,,"git commit d20f0d59, push成功; 角色扮演 情景表演 剧本创作",2026-05-19,,,,提案
P-20260519-044,future-little-leaders V93 Mindfulness Garden System 正念花园系统 (Direction A),,active,future-little-leaders,future-little-leaders,,,,,https://github.com/YeLuo45/future-little-leaders,,workspace-dev/proposals/future-little-leaders/PRD-V93-mindfulness-garden.md,,"git commit 86dd3995, push成功; 冥想练习 呼吸训练 正念游戏",2026-05-19,,,,提案
P-20260519-045,future-little-leaders V94 Science Museum System 科学博物馆系统 (Direction A),,active,future-little-leaders,future-little-leaders,,,,,https://github.com/YeLuo45/future-little-leaders,,workspace-dev/proposals/future-little-leaders/PRD-V94-science-museum.md,,"git commit 2d4962e7, push成功; 博物馆展厅 互动展品 科学收藏册",2026-05-19,,,,提案
P-20260519-046,future-little-leaders V95 World Culture Explorer System 世界文化探索系统 (Direction A),,active,future-little-leaders,future-little-leaders,,,,,https://github.com/YeLuo45/future-little-leaders,,workspace-dev/proposals/future-little-leaders/PRD-V95-world-culture-explorer.md,,"git commit cb260985, push成功; 环球文化之旅 风土人情 文化体验",2026-05-19,,,,提案
P-20260519-047,future-little-leaders V96 Digital Pet System 数字宠物系统 (Direction A),,active,future-little-leaders,future-little-leaders,,,,,https://github.com/YeLuo45/future-little-leaders,,workspace-dev/proposals/future-little-leaders/PRD-V96-digital-pet.md,,"git commit ce712ae3, push成功; 虚拟宠物养成 宠物技能 宠物竞赛",2026-05-19,,,,提案
P-20260519-048,future-little-leaders V97 Daily Ceremonies System 日常仪式系统 (Direction A),,active,future-little-leaders,future-little-leaders,,,,,https://github.com/YeLuo45/future-little-leaders,,workspace-dev/proposals/future-little-leaders/PRD-V97-daily-ceremonies.md,,"git commit d58ddddf, push成功; 晨间惯例 晚间惯例 特别日仪式",2026-05-19,,,,提案
P-20260519-049,future-little-leaders V98 Interest Discovery System 兴趣发现系统 (Direction A),,active,future-little-leaders,future-little-leaders,,,,,https://github.com/YeLuo45/future-little-leaders,,workspace-dev/proposals/future-little-leaders/PRD-V98-interest-discovery.md,,"git commit cdc3b073, push成功; 兴趣测评 推荐探索 兴趣追踪",2026-05-19,,,,提案
P-20260519-050,future-little-leaders V99 Growth Portfolio System 成长档案袋系统 (Direction A),,active,future-little-leaders,future-little-leaders,,,,,https://github.com/YeLuo45/future-little-leaders,,workspace-dev/proposals/future-little-leaders/PRD-V99-growth-portfolio.md,,"git commit 8af695c6, push成功; 综合素质档案 作品集 成长时间线",2026-05-19,,,,提案
P-20260519-051,future-little-leaders V100 Family Legacy System 家族传承系统 (Direction A),,active,future-little-leaders,future-little-leaders,,,,,https://github.com/YeLuo45/future-little-leaders,,workspace-dev/proposals/future-little-leaders/PRD-V100-family-legacy.md,,"git commit aa481aea, push成功; 家族历史 家族树 家训传承",2026-05-19,,,,提案
P-20260517-029,ai-creator-h5 多渠道分享 (Direction B),,active,ai-creator-h5,ai-creator-h5,,,,,https://github.com/YeLuo45/ai-creator-h5,,workspace-pm/proposals/P-20260517-029-prd.md,,Git commit ab247d1，push 成功,2026-05-17,,,,提案
P-20260517-030,ai-creator-h5 记忆系统 (Direction C),,active,ai-creator-h5,ai-creator-h5,,,,,https://github.com/YeLuo45/ai-creator-h5,,workspace-pm/proposals/P-20260517-030-prd.md,,Git commit 984f7e6，push 成功,2026-05-17,,,,提案
P-20260517-031,ai-creator-h5 PWA离线优先增强 (Direction D),,active,ai-creator-h5,ai-creator-h5,,,,,https://github.com/YeLuo45/ai-creator-h5,,workspace-pm/proposals/P-20260517-031-prd.md,,Git commit a1bc35b，push 成功,2026-05-17,,,,提案
P-20260517-032,ai-creator-h5 跨平台桌面端 (Direction E),,active,ai-creator-h5,ai-creator-h5,,,,,https://github.com/YeLuo45/ai-creator-h5,,workspace-pm/proposals/P-20260517-032-prd.md,,Git commit 39295b7，push 成功,2026-05-17,,,,提案
P-20260517-033,ai-creator-h5 端到端加密 (Direction F),,active,ai-creator-h5,ai-creator-h5,,,,,https://github.com/YeLuo45/ai-creator-h5,,workspace-pm/proposals/P-20260517-033-prd.md,,Git commit 7d7da2e，push 成功,2026-05-17,,,,提案
P-20260517-034,ai-creator-h5 创作质量评估 (Direction A),,active,ai-creator-h5,ai-creator-h5,,,,,https://github.com/YeLuo45/ai-creator-h5,,workspace-pm/proposals/P-20260517-034-prd.md,,Git commit 067933c，push 成功,2026-05-17,,,,提案
P-20260517-035,ai-creator-h5 AI角色专业化 (Direction B),,active,ai-creator-h5,ai-creator-h5,,,,,https://github.com/YeLuo45/ai-creator-h5,,workspace-pm/proposals/P-20260517-035-prd.md,,Git commit a8f4321，push 成功,2026-05-17,,,,提案
P-20260517-036,ai-creator-h5 实时协作 (Direction C),,active,ai-creator-h5,ai-creator-h5,,,,,https://github.com/YeLuo45/ai-creator-h5,,workspace-pm/proposals/P-20260517-036-prd.md,,Git commit 1eff031，push 成功,2026-05-17,,,,提案
P-20260517-037,ai-creator-h5 API开放平台 (Direction D),,active,ai-creator-h5,ai-creator-h5,,,,,https://github.com/YeLuo45/ai-creator-h5,,workspace-pm/proposals/P-20260517-037-prd.md,,Git commit e5fab2c，push 成功,2026-05-17,,,,提案
P-20260518-001,ai-creator-h5 AI创作工作流编排器 (Direction A iter3),,active,ai-creator-h5,ai-creator-h5,,,,,https://github.com/YeLuo45/ai-creator-h5,,workspace-pm/proposals/P-20260518-001-prd.md,,Git commit 478e240，push 成功,2026-05-18,,,,提案
P-20260518-002,ai-creator-h5 AI角色组合协作系统 V2 (Direction B iter2),,active,ai-creator-h5,ai-creator-h5,,,,,https://github.com/YeLuo45/ai-creator-h5,,workspace-pm/proposals/P-20260518-002-prd.md,,Git commit fdee205+7769028，push 成功,2026-05-18,,,,提案
P-20260518-003,ai-creator-h5 AI创作工作流编排器 v2 (Direction A iter4),,active,ai-creator-h5,ai-creator-h5,,,,,https://github.com/YeLuo45/ai-creator-h5,,workspace-pm/proposals/P-20260518-003-prd.md,,Git commit 7feeed3+069147d，push 成功,2026-05-18,,,,提案
P-20260518-004,ai-creator-h5 AI创作工作流编排器 v3 (Direction A iter5),,active,ai-creator-h5,ai-creator-h5,,,,,https://github.com/YeLuo45/ai-creator-h5,,workspace-pm/proposals/P-20260518-004-prd.md,,Git commit d8c04ce+ca19af4，push 成功,2026-05-18,,,,提案
P-20260518-005,ai-creator-h5 AI创作工作流编排器 v4 (Direction A iter6),,active,ai-creator-h5,ai-creator-h5,,,,,https://github.com/YeLuo45/ai-creator-h5,,workspace-pm/proposals/P-20260518-005-prd.md,,Git commit b44383e，push 成功,2026-05-18,,,,提案
P-20260518-006,ai-creator-h5 AI创作工作流编排器 v5 (Direction A iter7),,active,ai-creator-h5,ai-creator-h5,,,,,https://github.com/YeLuo45/ai-creator-h5,,workspace-pm/proposals/P-20260518-006-prd.md,,Git commit a304c9e，push 成功,2026-05-18,,,,提案
P-20260518-007,ai-creator-h5 AI创作工作流编排器 v6 (Direction A iter8),,active,ai-creator-h5,ai-creator-h5,,,,,https://github.com/YeLuo45/ai-creator-h5,,workspace-pm/proposals/P-20260518-007-prd.md,,Git commit 7f28787，push 成功,2026-05-18,,,,提案
P-20260518-008,ai-creator-h5 AI创作工作流编排器 v7 (Direction A iter9),,active,ai-creator-h5,ai-creator-h5,,,,,https://github.com/YeLuo45/ai-creator-h5,,workspace-pm/proposals/P-20260518-008-prd.md,,Git commit 02ecc5d，push 成功,2026-05-18,,,,提案
P-20260518-009,ai-creator-h5 AI创作工作流编排器 v8 (Direction A iter10),,active,ai-creator-h5,ai-creator-h5,,,,,https://github.com/YeLuo45/ai-creator-h5,,workspace-pm/proposals/P-20260518-009-prd.md,,Git commit d2f3693，push 成功,2026-05-18,,,,提案
P-20260518-010,ai-creator-h5 AI创作工作流编排器 v9 (Direction A iter11),,active,ai-creator-h5,ai-creator-h5,,,,,https://github.com/YeLuo45/ai-creator-h5,,workspace-pm/proposals/P-20260518-010-prd.md,,Git commit 577c10e，push 成功,2026-05-18,,,,提案
P-20260518-011,ai-creator-h5 AI创作工作流编排器 v10 (Direction A iter12),,active,ai-creator-h5,ai-creator-h5,,,,,https://github.com/YeLuo45/ai-creator-h5,,workspace-pm/proposals/P-20260518-011-prd.md,,Git commit 548f61d，push 成功,2026-05-18,,,,提案
P-20260518-012,ai-creator-h5 AI创作工作流编排器 v11 (Direction A iter13),,active,ai-creator-h5,ai-creator-h5,,,,,https://github.com/YeLuo45/ai-creator-h5,,workspace-pm/proposals/P-20260518-012-prd.md,,Git commit 602809a，push 成功,2026-05-18,,,,提案
P-20260518-013,ai-creator-h5 AI创作工作流编排器 v12 (Direction A iter14),,active,ai-creator-h5,ai-creator-h5,,,,,https://github.com/YeLuo45/ai-creator-h5,,workspace-dev/proposals/prd-ai-creator-h5-v12.md,,Git commit b8ef099，push 成功,2026-05-18,,,,提案
P-20260518-014,ai-creator-h5 AI创作工作流编排器 v13 (Direction A iter15),,active,ai-creator-h5,ai-creator-h5,,,,,https://github.com/YeLuo45/ai-creator-h5,,workspace-dev/proposals/prd-ai-creator-h5-v13.md,,Git commit 8edd0fc，push 成功,2026-05-18,,,,提案
P-20260518-015,ai-creator-h5 AI创作工作流编排器 v14 (Direction A iter16),,active,ai-creator-h5,ai-creator-h5,,,,,https://github.com/YeLuo45/ai-creator-h5,,workspace-dev/proposals/prd-ai-creator-h5-v14.md,,Git commit 67011d1，push 成功,2026-05-18,,,,提案
P-20260518-016,ai-creator-h5 AI创作工作流编排器 v15 (Direction A iter17),,active,ai-creator-h5,ai-creator-h5,,,,,https://github.com/YeLuo45/ai-creator-h5,,workspace-dev/proposals/prd-ai-creator-h5-v15.md,,Git commit 8addc89，push 成功,2026-05-18,,,,提案
P-20260518-017,ai-creator-h5 AI创作工作流编排器 v16 (Direction A iter18),,active,ai-creator-h5,ai-creator-h5,,,,,https://github.com/YeLuo45/ai-creator-h5,,workspace-dev/proposals/prd-ai-creator-h5-v16.md,,Git commit a7c091f，push 成功,2026-05-18,,,,提案
P-20260518-018,ai-creator-h5 AI创作工作流编排器 v17 (Direction A iter19),,active,ai-creator-h5,ai-creator-h5,,,,,https://github.com/YeLuo45/ai-creator-h5,,workspace-dev/proposals/prd-ai-creator-h5-v17.md,,Git commit b9c6b57，push 成功,2026-05-18,,,,提案
P-20260518-019,ai-creator-h5 AI创作工作流编排器 v18 (Direction A iter20),,active,ai-creator-h5,ai-creator-h5,,,,,https://github.com/YeLuo45/ai-creator-h5,,workspace-dev/proposals/prd-ai-creator-h5-v18.md,,Git commit 4c7af81，push 成功,2026-05-18,,,,提案
P-20260518-020,ai-creator-h5 AI创作工作流编排器 v19 (Direction A iter21),,active,ai-creator-h5,ai-creator-h5,,,,,https://github.com/YeLuo45/ai-creator-h5,,workspace-dev/proposals/prd-ai-creator-h5-v19.md,,Git commit d2cff90，push 成功,2026-05-18,,,,提案
P-20260518-021,ai-creator-h5 AI创作工作流编排器 v20 (Direction A iter22),,active,ai-creator-h5,ai-creator-h5,,,,,https://github.com/YeLuo45/ai-creator-h5,,workspace-dev/proposals/prd-ai-creator-h5-v20.md,,Git commit 31c5286，push 成功,2026-05-18,,,,提案
P-20260518-022,ai-creator-h5 AI创作工作流编排器 v21 (Direction A iter23),,active,ai-creator-h5,ai-creator-h5,,,,,https://github.com/YeLuo45/ai-creator-h5,,workspace-dev/proposals/prd-ai-creator-h5-v21.md,,Git commit 728aeea，push 成功,2026-05-18,,,,提案
P-20260518-023,ai-creator-h5 AI创作工作流编排器 v22 (Direction A iter24),,active,ai-creator-h5,ai-creator-h5,,,,,https://github.com/YeLuo45/ai-creator-h5,,workspace-dev/proposals/prd-ai-creator-h5-v22.md,,Git commit 8fb1c2b，push 成功,2026-05-18,,,,提案
P-20260518-024,ai-creator-h5 AI创作工作流编排器 v23 (Direction A iter25),,active,ai-creator-h5,ai-creator-h5,,,,,https://github.com/YeLuo45/ai-creator-h5,,workspace-dev/proposals/prd-ai-creator-h5-v23.md,,Git commit d1900a9,2026-05-18,,,,提案
P-20260518-025,ai-creator-h5 AI创作工作流编排器 v24 (Direction A iter26),,active,ai-creator-h5,ai-creator-h5,,,,,https://github.com/YeLuo45/ai-creator-h5,,workspace-dev/proposals/prd-ai-creator-h5-v24.md,,Git commit 23030e0，push 成功,2026-05-18,,,,提案
P-20260518-026,ai-creator-h5 AI创作工作流编排器 v25 (Direction A iter27),,active,ai-creator-h5,ai-creator-h5,,,,,https://github.com/YeLuo45/ai-creator-h5,,workspace-dev/proposals/prd-ai-creator-h5-v25.md,,Git commit 27b434a，push 成功,2026-05-18,,,,提案
P-20260518-027,ai-creator-h5 AI创作工作流编排器 v26 (Direction A iter28),,active,ai-creator-h5,ai-creator-h5,,,,,https://github.com/YeLuo45/ai-creator-h5,,workspace-dev/proposals/prd-ai-creator-h5-v26.md,,Git commit 031aa5e，push 成功,2026-05-18,,,,提案
P-20260519-002,ai-creator-h5 AI创作工作流编排器 v27 (Direction A iter29),,active,ai-creator-h5,ai-creator-h5,,,,,https://github.com/YeLuo45/ai-creator-h5,,workspace-dev/proposals/prd-ai-creator-h5-v27.md,,Git commit ab61051，push 成功,2026-05-19,,,,提案
P-20260519-003,ai-creator-h5 AI创作工作流编排器 v28 (Direction A iter30),,active,ai-creator-h5,ai-creator-h5,,,,,https://github.com/YeLuo45/ai-creator-h5,,workspace-dev/proposals/prd-ai-creator-h5-v28.md,,Git commit bb9622d，push 成功,2026-05-19,,,,提案
P-20260519-005,ai-creator-h5 AI创作工作流编排器 v29 (Direction A iter31),,active,ai-creator-h5,ai-creator-h5,,,,,https://github.com/YeLuo45/ai-creator-h5,,workspace-dev/proposals/prd-ai-creator-h5-v29.md,,Git commit e0b4a94，push 成功,2026-05-19,,,,提案
P-20260519-007,ai-creator-h5 AI创作工作流编排器 v30 (Direction A iter32),,active,ai-creator-h5,ai-creator-h5,,,,,https://github.com/YeLuo45/ai-creator-h5,,workspace-dev/proposals/prd-ai-creator-h5-v30.md,,Git commit 04fce8a，push 成功,2026-05-19,,,,提案
P-20260519-008,ai-creator-h5 AI创作工作流编排器 v31 (Direction A iter33),,active,ai-creator-h5,ai-creator-h5,,,,,https://github.com/YeLuo45/ai-creator-h5,,workspace-dev/proposals/prd-ai-creator-h5-v31.md,,Git commit 927215f，push 成功,2026-05-19,,,,提案
P-20260519-009,ai-creator-h5 AI创作工作流编排器 v32 (Direction A iter34),,active,ai-creator-h5,ai-creator-h5,,,,,https://github.com/YeLuo45/ai-creator-h5,,workspace-dev/proposals/prd-ai-creator-h5-v32.md,,Git commit 60bf7cb，push 成功,2026-05-19,,,,提案
P-20260518-001,nanobot-inspired AsyncMessageBus + Channel Adapter,,accepted,hermes-agent-collab,hermes-agent-collab,,,,,https://github.com/YeLuo45/hermes-agent-collab,,workspace-dev/proposals/hermes-agent-collab/docs/P-20260518-001-prd.md,,,2026-05-18,,,,提案
P-20260518-002,hermes-agent-collab chatdev-inspired Agent Role System + Phase-Gated Pipeline (Direction A),,active,hermes-agent-collab,hermes-agent-collab,,,,,https://github.com/YeLuo45/hermes-agent-collab,,docs/P-20260518-002-prd.md,,,2026-05-18,,,,提案
P-20260518-003,hermes-agent-collab thunderbolt-inspired SQLite WAL Backend + Dual-Storage Factory (Direction B),,active,hermes-agent-collab,hermes-agent-collab,,,,,https://github.com/YeLuo45/hermes-agent-collab,,docs/P-20260518-003-prd.md,,,2026-05-18,,,,提案
P-20260518-004,hermes-agent-collab deepcode-inspired TaskRouter + Complexity-Gated Decomposition (Direction C),,active,hermes-agent-collab,hermes-agent-collab,,,,,https://github.com/YeLuo45/hermes-agent-collab,,docs/P-20260518-004-prd.md,,,2026-05-18,,,,提案
P-20260518-005,hermes-agent-collab ruflo-inspired Hook/Plugin Architecture + Built-in Metrics Plugins (Direction D),,active,hermes-agent-collab,hermes-agent-collab,,,,,https://github.com/YeLuo45/hermes-agent-collab,,docs/P-20260518-005-prd.md,,,2026-05-18,,,,提案
P-20260518-006,hermes-agent-collab generic-agent Multi-Agent Collaboration Protocol (Direction E),,active,hermes-agent-collab,hermes-agent-collab,,,,,https://github.com/YeLuo45/hermes-agent-collab,,docs/P-20260518-006-prd.md,,,2026-05-18,,,,提案
P-20260518-007,hermes-agent-collab REST API + SSE Real-time Events Layer (Direction F),,active,hermes-agent-collab,hermes-agent-collab,,,,,https://github.com/YeLuo45/hermes-agent-collab,,docs/P-20260518-007-prd.md,,,2026-05-18,,,,提案
P-20260518-008,hermes-agent-collab API Key Auth + Real-time Web Dashboard (Direction G),,active,hermes-agent-collab,hermes-agent-collab,,,,,https://github.com/YeLuo45/hermes-agent-collab,,docs/P-20260518-008-prd.md,,,2026-05-18,,,,提案
P-20260518-009,hermes-agent-collab Python SDK + CLI Tool (Direction H),,active,hermes-agent-collab,hermes-agent-collab,,,,,https://github.com/YeLuo45/hermes-agent-collab,,docs/P-20260518-009-prd.md,,,2026-05-18,,,,提案
P-20260518-016,preschool-puzzle 挑战面板 UI V10 (Direction A - A5),,active,hermes-agent-collab,hermes-agent-collab,,,,,https://github.com/YeLuo45/hermes-agent-collab,,workspace-pm/proposals/P-20260518-016-prd.md,,accepted,2026-05-18,,,,提案
P-20260518-029,hermes-agent-collab PostgreSQL Storage Backend (Direction I),,active,hermes-agent-collab,hermes-agent-collab,,,,,https://github.com/YeLuo45/hermes-agent-collab,,docs/P-20260518-010-prd.md,,,2026-05-18,,,,提案
P-20260518-030,hermes-agent-collab Prometheus Metrics + MetricsPlugin (Direction J),,active,hermes-agent-collab,hermes-agent-collab,,,,,https://github.com/YeLuo45/hermes-agent-collab,,docs/P-20260518-011-prd.md,,,2026-05-18,,,,提案
P-20260518-031,hermes-agent-collab Docker Compose Deployment (Direction K),,active,hermes-agent-collab,hermes-agent-collab,,,,,https://github.com/YeLuo45/hermes-agent-collab,,docs/P-20260518-012-prd.md,,,2026-05-18,,,,提案
P-20260518-032,hermes-agent-collab Redis Channel Adapter (Direction L),,active,hermes-agent-collab,hermes-agent-collab,,,,,https://github.com/YeLuo45/hermes-agent-collab,,docs/P-20260518-013-prd.md,,,2026-05-18,,,,提案
P-20260518-033,hermes-agent-collab API Rate Limiting + 流量控制 (Direction M),,active,hermes-agent-collab,hermes-agent-collab,,,,,https://github.com/YeLuo45/hermes-agent-collab,,docs/P-20260518-014-prd.md,,,2026-05-18,,,,提案
P-20260518-034,hermes-agent-collab Priority Scheduler + 抢占式执行 (Direction N),,active,hermes-agent-collab,hermes-agent-collab,,,,,https://github.com/YeLuo45/hermes-agent-collab,,docs/P-20260518-015-prd.md,,,2026-05-18,,,,提案
P-20260518-035,hermes-agent-collab 分布式 Tracing（OpenTelemetry）(Direction P),,active,hermes-agent-collab,hermes-agent-collab,,,,,https://github.com/YeLuo45/hermes-agent-collab,,docs/P-20260518-016-prd.md,,,2026-05-18,,,,提案
P-20260518-036,hermes-agent-collab 配置热更新（Direction R）,,active,hermes-agent-collab,hermes-agent-collab,,,,,https://github.com/YeLuo45/hermes-agent-collab,,docs/P-20260518-017-prd.md,,,2026-05-18,,,,提案
P-20260518-038,hermes-agent-collab 任务结果缓存层（Direction S）,,active,hermes-agent-collab,hermes-agent-collab,,,,,https://github.com/YeLuo45/hermes-agent-collab,,docs/P-20260518-018-prd.md,,,2026-05-18,,,,提案
P-20260518-041,hermes-agent-collab Webhook 事件订阅系统（Direction T）,,active,hermes-agent-collab,hermes-agent-collab,,,,,https://github.com/YeLuo45/hermes-agent-collab,,docs/P-20260518-019-prd.md,,,2026-05-18,,,,提案
P-20260518-042,hermes-agent-collab 任务依赖图可视化 API（Direction X）,,active,hermes-agent-collab,hermes-agent-collab,,,,,https://github.com/YeLuo45/hermes-agent-collab,,docs/P-20260518-042-prd.md,,,2026-05-18,,,,提案
P-20260518-043,hermes-agent-collab 敏感数据脱敏（Direction Z）,,active,hermes-agent-collab,hermes-agent-collab,,,,,https://github.com/YeLuo45/hermes-agent-collab,,docs/P-20260518-043-prd.md,,,2026-05-18,,,,提案
P-20260518-044,hermes-agent-collab 多租户隔离（Direction AA）,,active,hermes-agent-collab,hermes-agent-collab,,,,,https://github.com/YeLuo45/hermes-agent-collab,,docs/P-20260518-044-prd.md,,,2026-05-18,,,,提案
P-20260518-045,hermes-agent-collab gRPC 接口（Direction AB）,,active,hermes-agent-collab,hermes-agent-collab,,,,,https://github.com/YeLuo45/hermes-agent-collab,,docs/P-20260518-045-prd.md,,,2026-05-18,,,,提案
P-20260518-046,hermes-agent-collab 配置验证 Schema（Direction AC）,,active,hermes-agent-collab,hermes-agent-collab,,,,,https://github.com/YeLuo45/hermes-agent-collab,,docs/P-20260518-046-prd.md,,,2026-05-18,,,,提案
P-20260518-047,hermes-agent-collab 审计日志（Direction AD）,,active,hermes-agent-collab,hermes-agent-collab,,,,,https://github.com/YeLuo45/hermes-agent-collab,,docs/P-20260518-047-prd.md,,,2026-05-18,,,,提案
P-20260518-048,hermes-agent-collab 工作流模板市场（Direction AE）,,active,hermes-agent-collab,hermes-agent-collab,,,,,https://github.com/YeLuo45/hermes-agent-collab,,docs/P-20260518-048-prd.md,,,2026-05-18,,,,提案
P-20260518-053,hermes-agent-collab 实时协作编辑（Direction AF）,,active,hermes-agent-collab,hermes-agent-collab,,,,,https://github.com/YeLuo45/hermes-agent-collab,,docs/P-20260518-049-prd.md,,,2026-05-18,,,,提案
P-20260518-054,hermes-agent-collab 分布式追踪增强（Direction AG）,,active,hermes-agent-collab,hermes-agent-collab,,,,,https://github.com/YeLuo45/hermes-agent-collab,,docs/P-20260518-054-prd.md,,,2026-05-18,,,,提案
P-20260518-055,hermes-agent-collab 通知管道（Direction AH）,,active,hermes-agent-collab,hermes-agent-collab,,,,,https://github.com/YeLuo45/hermes-agent-collab,,docs/P-20260518-055-prd.md,,,2026-05-18,,,,提案
P-20260518-056,hermes-agent-collab A/B 测试框架（Direction AI）,,active,hermes-agent-collab,hermes-agent-collab,,,,,https://github.com/YeLuo45/hermes-agent-collab,,docs/P-20260518-056-prd.md,,,2026-05-18,,,,提案
P-20260518-057,hermes-agent-collab Playground / REPL 沙盒环境（Direction AJ）,,active,hermes-agent-collab,hermes-agent-collab,,,,,https://github.com/YeLuo45/hermes-agent-collab,,docs/P-20260518-057-prd.md,,,2026-05-18,,,,提案
P-20260518-058,hermes-agent-collab 知识图谱增强（Direction AK）,,active,hermes-agent-collab,hermes-agent-collab,,,,,https://github.com/YeLuo45/hermes-agent-collab,,docs/P-20260518-058-prd.md,,,2026-05-18,,,,提案
P-20260519-008,hermes-agent-collab Redis 缓存层增强（Direction AM）,,active,hermes-agent-collab,hermes-agent-collab,,,,,https://github.com/YeLuo45/hermes-agent-collab,,docs/P-20260519-001-prd.md,,,2026-05-19,,,,提案
P-20260519-052,hermes-agent-collab Admin UI 仪表盘扩展（Direction AN）,,active,hermes-agent-collab,hermes-agent-collab,,,,,https://github.com/YeLuo45/hermes-agent-collab,,docs/P-20260519-003-prd.md,,,2026-05-19,,,,提案
P-20260519-053,hermes-agent-collab API 限流与配额管理（Direction AO）,,active,hermes-agent-collab,hermes-agent-collab,,,,,https://github.com/YeLuo45/hermes-agent-collab,,docs/P-20260519-004-prd.md,,,2026-05-19,,,,提案
P-20260518-008,preschool-puzzle 道具系统 V2 (Direction A),,active,preschool-puzzle,preschool-puzzle,,,,,https://github.com/YeLuo45/preschool-puzzle,,workspace-pm/proposals/P-20260518-008-prd.md,,"git push 成功 (fb9c349), npm run build 无错, 商店按钮+星星显示正常, 6道具注册表, localStorage 持久化",2026-05-18,,,,提案
P-20260518-009,preschool-puzzle 道具效果集成 V3 (Direction A),,active,preschool-puzzle,preschool-puzzle,,,,,https://github.com/YeLuo45/preschool-puzzle,,workspace-pm/proposals/P-20260518-009-prd.md,,accepted,2026-05-18,,,,提案
P-20260518-010,preschool-puzzle 星辰商店与限时道具 V4 (Direction A),,active,preschool-puzzle,preschool-puzzle,,,,,https://github.com/YeLuo45/preschool-puzzle,,workspace-pm/proposals/P-20260518-010-prd.md,,accepted,2026-05-18,,,,提案
P-20260518-011,preschool-puzzle 成就徽章与道具套装 V5 (Direction A),,active,preschool-puzzle,preschool-puzzle,,,,,https://github.com/YeLuo45/preschool-puzzle,,workspace-pm/proposals/P-20260518-011-prd.md,,accepted,2026-05-18,,,,提案
P-20260518-012,preschool-puzzle 新道具开发与效果增强 V6 (Direction A),,active,preschool-puzzle,preschool-puzzle,,,,,https://github.com/YeLuo45/preschool-puzzle,,workspace-pm/proposals/P-20260518-012-prd.md,,accepted,2026-05-18,,,,提案
P-20260518-013,preschool-puzzle 道具强化与套装收集 V7 (Direction A),,active,preschool-puzzle,preschool-puzzle,,,,,https://github.com/YeLuo45/preschool-puzzle,,workspace-pm/proposals/P-20260518-013-prd.md,,accepted,2026-05-18,,,,提案
P-20260518-014,preschool-puzzle 道具套装收集 V8 (Direction A - A3),,active,preschool-puzzle,preschool-puzzle,,,,,https://github.com/YeLuo45/preschool-puzzle,,workspace-pm/proposals/P-20260518-014-prd.md,,accepted,2026-05-18,,,,提案
P-20260518-017,preschool-puzzle 收藏家挑战自动检测 V11 (Direction A - A5),,active,preschool-puzzle,preschool-puzzle,,,,,https://github.com/YeLuo45/preschool-puzzle,,workspace-pm/proposals/P-20260518-017-prd.md,,accepted,2026-05-18,,,,提案
P-20260518-018,preschool-puzzle 融合系统 UI V12 (Direction A - A6),,active,preschool-puzzle,preschool-puzzle,,,,,https://github.com/YeLuo45/preschool-puzzle,,workspace-pm/proposals/P-20260518-018-prd.md,,accepted,2026-05-18,,,,提案
P-20260518-019,preschool-puzzle 融合点击处理 V13 (Direction A - A6),,active,preschool-puzzle,preschool-puzzle,,,,,https://github.com/YeLuo45/preschool-puzzle,,workspace-pm/proposals/P-20260518-019-prd.md,,accepted,2026-05-18,,,,提案
P-20260518-020,preschool-puzzle 挑战完成动画 V14 (Direction A - A7),,active,preschool-puzzle,preschool-puzzle,,,,,https://github.com/YeLuo45/preschool-puzzle,,workspace-pm/proposals/P-20260518-020-prd.md,,accepted,2026-05-18,,,,提案
P-20260518-021,preschool-puzzle 游戏内道具状态追踪 V15 (Direction A - A8),,active,preschool-puzzle,preschool-puzzle,,,,,https://github.com/YeLuo45/preschool-puzzle,,workspace-pm/proposals/P-20260518-021-prd.md,,accepted,2026-05-18,,,,提案
P-20260518-022,preschool-puzzle 道具状态 UI 增强 V16 (Direction A - A8),,active,preschool-puzzle,preschool-puzzle,,,,,https://github.com/YeLuo45/preschool-puzzle,,workspace-pm/proposals/P-20260518-022-prd.md,,accepted,2026-05-18,,,,提案
P-20260518-023,preschool-puzzle 全游戏道具状态UI V17 (Direction A - A8),,active,preschool-puzzle,preschool-puzzle,,,,,https://github.com/YeLuo45/preschool-puzzle,,workspace-pm/proposals/P-20260518-023-prd.md,,accepted,2026-05-18,,,,提案
P-20260518-024,preschool-puzzle A9新道具-lucky_charm+time_bank V18 (Direction A - A9),,active,preschool-puzzle,preschool-puzzle,,,,,https://github.com/YeLuo45/preschool-puzzle,,workspace-pm/proposals/P-20260518-024-prd.md,,accepted,2026-05-18,,,,提案
P-20260518-025,preschool-puzzle A9商店新道具 V19 (Direction A - A9),,active,preschool-puzzle,preschool-puzzle,,,,,https://github.com/YeLuo45/preschool-puzzle,,workspace-pm/proposals/P-20260518-025-prd.md,,accepted,2026-05-18,,,,提案
P-20260518-026,preschool-puzzle A10新道具 V20 (Direction A - A10),,active,preschool-puzzle,preschool-puzzle,,,,,https://github.com/YeLuo45/preschool-puzzle,,workspace-pm/proposals/P-20260518-026-prd.md,,accepted,2026-05-18,,,,提案
P-20260518-027,preschool-puzzle A11道具效果联动 V21 (Direction A - A11),,active,preschool-puzzle,preschool-puzzle,,,,,https://github.com/YeLuo45/preschool-puzzle,,workspace-pm/proposals/P-20260518-027-prd.md,,accepted,2026-05-18,,,,提案
P-20260518-028,preschool-puzzle A12道具历史 V22 (Direction A - A12),,active,preschool-puzzle,preschool-puzzle,,,,,https://github.com/YeLuo45/preschool-puzzle,,workspace-pm/proposals/P-20260518-028-prd.md,,accepted,2026-05-18,,,,提案
P-20260518-029,preschool-puzzle A13节日活动道具 V23 (Direction A - A13),,active,preschool-puzzle,preschool-puzzle,,,,,https://github.com/YeLuo45/preschool-puzzle,,workspace-pm/proposals/P-20260518-029-prd.md,,accepted,2026-05-18,,,,提案
P-20260518-030,preschool-puzzle A14限时商店 V24 (Direction A - A14),,active,preschool-puzzle,preschool-puzzle,,,,,https://github.com/YeLuo45/preschool-puzzle,,workspace-pm/proposals/P-20260518-030-prd.md,,accepted,2026-05-18,,,,提案
P-20260518-031,preschool-puzzle A15每周Bundle V25 (Direction A - A15),,active,preschool-puzzle,preschool-puzzle,,,,,https://github.com/YeLuo45/preschool-puzzle,,workspace-pm/proposals/P-20260518-031-prd.md,,accepted,2026-05-18,,,,提案
P-20260518-032,preschool-puzzle A16赛季系统 V26 (Direction A - A16),,active,preschool-puzzle,preschool-puzzle,,,,,https://github.com/YeLuo45/preschool-puzzle,,workspace-pm/proposals/P-20260518-032-prd.md,,accepted,2026-05-18,,,,提案
P-20260518-033,preschool-puzzle A17成就里程碑奖励 V27 (Direction A - A17),,active,preschool-puzzle,preschool-puzzle,,,,,https://github.com/YeLuo45/preschool-puzzle,,workspace-pm/proposals/P-20260518-033-prd.md,,accepted,2026-05-18,,,,提案
P-20260518-034,preschool-puzzle A18限时挑战模式 V28 (Direction A - A18),,active,preschool-puzzle,preschool-puzzle,,,,,https://github.com/YeLuo45/preschool-puzzle,,workspace-pm/proposals/P-20260518-034-prd.md,,accepted,2026-05-18,,,,提案
P-20260518-035,preschool-puzzle A19道具合成 V29 (Direction A - A19),,active,preschool-puzzle,preschool-puzzle,,,,,https://github.com/YeLuo45/preschool-puzzle,,workspace-pm/proposals/P-20260518-035-prd.md,,accepted,2026-05-18,,,,提案
P-20260518-036,preschool-puzzle A20道具图鉴 V30 (Direction A - A20),,active,preschool-puzzle,preschool-puzzle,,,,,https://github.com/YeLuo45/preschool-puzzle,,workspace-pm/proposals/P-20260518-036-prd.md,,accepted,2026-05-18,,,,提案
P-20260519-001,preschool-puzzle A21首页重构 V31 (Direction A - A21),,active,preschool-puzzle,preschool-puzzle,,,,,https://github.com/YeLuo45/preschool-puzzle,,workspace-pm/proposals/P-20260519-001-prd.md,,accepted,2026-05-19,,,,提案
P-20260519-003,preschool-puzzle Helper 角色系统 V32-V35 (Direction A),,active,preschool-puzzle,preschool-puzzle,,,,,https://github.com/YeLuo45/preschool-puzzle,,workspace-dev/proposals/preschool-puzzle/docs/PRD-V32-A-helper.md,,accepted,2026-05-19,,,,提案
P-20260519-002,TodoList V41 A3 MCP工具扩展 (GitHub/Jira/Figma MCP集成),,active,todo-list,todo-list,,,,,https://github.com/YeLuo45/todo-list,,"workspace-dev/proposals/todo-list/PRD-V41-A3a-MCP-infrastructure.md,workspace-dev/proposals/todo-list/PRD-V41-A3b-MCP-JiraFigma.md,workspace-dev/proposals/todo-list/PRD-V41-A3c-MCP-auto-task.md",,A3a/A3b/A3c 3轮迭代全部完成commit push成功; MCP Client基础设施+GitHub/Jira/Figma MCP+自动任务创建,2026-05-19,,,,提案
P-20260519-004,TodoList V42 A4 MCP工具编排 (MessageBus + Chain Execution + Webhook),,active,todo-list,todo-list,,,,,https://github.com/YeLuo45/todo-list,,workspace-dev/proposals/todo-list/PRD-V42-A4-MCP-orchestration.md,,commit push成功; MCP Orchestrator(MessageBus模式+链式执行+Pub/Sub),2026-05-19,,,,提案
P-20260519-005,TodoList V43 B2 多Agent协作编排 (CreatorAgent + ReviewAgent + ReminderAgent),,active,todo-list,todo-list,,,,,https://github.com/YeLuo45/todo-list,,workspace-dev/proposals/todo-list/PRD-V43-B2-multi-agent.md,,commit push成功; 多Agent协作编排 (CreatorAgent自然语言解析/ReviewAgent重复检测+优先级建议/ReminderAgent定时通知),2026-05-19,,,,提案
P-20260519-006,TodoList V45 D 自进化记忆系统 (L2情景记忆 + L3语义记忆 + L4元认知),,active,todo-list,todo-list,,,,,https://github.com/YeLuo45/todo-list,,workspace-dev/proposals/todo-list/PRD-V45-D-memory-system.md,,commit push成功; 自进化记忆系统 L2情景记忆+L3语义记忆+L4元认知,2026-05-19,,,,提案
P-20260519-007,TodoList V46 E E2E加密 (AES-GCM + 密钥管理),,active,todo-list,todo-list,,,,,https://github.com/YeLuo45/todo-list,,workspace-dev/proposals/todo-list/PRD-V46-E-E2E-encryption.md,,commit push成功; E2E加密 (AES-GCM 256-bit + Web Crypto API),2026-05-19,,,,提案
P-20260519-008,TodoList V47 A5 Subagent + Cron定时任务,,active,todo-list,todo-list,,,,,https://github.com/YeLuo45/todo-list,,"workspace-dev/proposals/todo-list/PRD-V47-A5a-subagent-cron.md,workspace-dev/proposals/todo-list/PRD-V47-A5b-auto-check-sync.md,workspace-dev/proposals/todo-list/PRD-V47-A5c-notebook-execution.md",,commit push成功; Subagent spawning + Cron scheduler + 自动任务检查 + Gist同步 + Notebook执行,2026-05-19,,,,提案
P-20260519-009,TodoList V48 B3a Agent状态持久化+执行历史,,active,todo-list,todo-list,,,,,https://github.com/YeLuo45/todo-list,,workspace-dev/proposals/todo-list/PRD-V48-B3a-agent-persistence.md,,commit push成功; baseAgent状态持久化; reminderAgent刷新恢复; agentHistory时间线,2026-05-19,,,,提案
P-20260519-010,TodoList V48 B3b 动态工具注册+Agent工具市场,,active,todo-list,todo-list,,,,,https://github.com/YeLuo45/todo-list,,workspace-dev/proposals/todo-list/PRD-V48-B3b-dynamic-tool-registry.md,,commit push成功; toolRegistry全局注册表; 内置工具; ToolMarketPanel工具市场; AgentPanel工具Tab,2026-05-19,,,,提案
P-20260519-011,TodoList V49 B3c 多Agent并行执行+投票引擎,,active,todo-list,todo-list,,,,,https://github.com/YeLuo45/todo-list,,workspace-dev/proposals/todo-list/PRD-V49-B3c-parallel-execution.md,,commit push成功; parallelExecutor并行执行; votingEngine投票引擎; AgentPanel并行Tab,2026-05-19,,,,提案
P-20260518-019,future-little-leaders-admin V17 家长后台管理 (Direction A),,active,future-little-leaders-admin,future-little-leaders-admin,,,,,https://github.com/YeLuo45/future-little-leaders-admin,,workspace-dev/proposals/future-little-leaders/PRD-V17-admin.md,,"git commit f64e6ab, push成功; React+Vite+Ant Design+Dashboard+Family+Tasks+Reports+Social; GitHub repo created",2026-05-18,,,,提案
P-20260518-028,future-little-leaders-admin V25 Admin Export/BulkOps/Analytics 管理功能增强 (Direction A),,active,future-little-leaders-admin,future-little-leaders-admin,,,,,https://github.com/YeLuo45/future-little-leaders-admin,,workspace-dev/proposals/future-little-leaders/PRD-V25-testing-admin.md,,"git commit 1c50fbb, push成功; DataTable Export BulkOps Analytics数据表",2026-05-18,,,,提案
P-20260518-007,future-little-leaders V8 Python SDK + 家校互通 (Direction A),,active,future-little-leaders-sdk-python,future-little-leaders-sdk-python,,,,,https://github.com/YeLuo45/future-little-leaders-sdk-python,,workspace-dev/proposals/future-little-leaders/PRD-V8-python-sdk.md,,pip install 成功，from fll_sdk import __version__ 输出 1.0.0，Git push 成功,2026-05-18,,,,提案
P-20260517-028,ai-creator-h5 工具系统生态 (Direction A),,active,tower-baby-guard,tower-baby-guard,,,,,https://github.com/YeLuo45/tower-baby-guard,,~/.hermes/proposals/workspace-pm/proposals/P-20260517-012-prd.md,,delivered,2026-05-17,,,,提案
P-20260519-002,AI多平台比价App (React Native),,active,ai-price-compare,ai-price-compare,,,,,https://github.com/YeLuo45/ai-price-compare,,workspace-pm/proposals/P-20260519-002-prd.md,,pending,2026-05-19,,,,提案
